Sample/Assay;CYP2D6*3;CYP2D6*4;CYP2D6*17;CYP2D6*41;DPYD*2A;DPYD*13;DPYD_HapB3;DPYD_D949V;UGT1A1*80
DPD932;T/T;C/C;G/A;C/C;C/C;A/A;C/T;T/T;C/C
DPD933;T/T;C/C;A/A;C/C;C/C;A/A;C/C;T/T;C/T
DPD934;T/T;C/T;G/G;C/C;C/C;A/A;C/C;T/T;C/C
DPD935;T/T;C/C;G/G;C/C;C/C;A/A;C/C;T/T;C/T
DPD936;T/T;C/C;G/G;C/T;C/C;A/A;C/C;T/T;C/T
DPD937;T/T;C/C;G/G;C/C;C/C;A/A;C/C;T/T;C/C
DPD938;T/T;C/C;G/G;C/C;C/C;A/A;C/C;T/T;C/C
DPD939;T/T;C/C;G/G;C/T;C/C;A/A;C/T;T/T;T/T
DPD940;T/-;C/C;G/G;C/C;C/C;A/A;C/C;T/T;C/T
DPD941;T/T;T/T;G/G;C/C;C/C;A/A;C/C;T/T;C/T
DPD942;T/T;C/C;G/G;C/T;C/C;A/A;C/T;T/T;C/T
DPD943;T/T;C/C;G/G;C/T;C/C;A/A;C/T;T/T;C/T
DPD944;T/T;C/C;G/G;C/C;C/C;A/A;C/C;T/T;C/C
DPD945;T/T;C/C;G/G;C/C;C/C;A/A;C/C;T/T;C/C
DPD946;T/T;C/C;G/G;C/C;C/C;A/A;C/C;T/T;C/C
DPD947;T/T;C/T;G/G;C/C;C/C;A/A;C/C;T/T;C/C
DPD948;T/T;C/C;G/G;C/C;C/C;A/A;C/C;T/T;C/T
DPD949;T/T;C/C;G/G;C/C;C/C;A/A;C/C;T/T;T/T
DPD950;T/T;C/C;G/G;C/C;C/C;A/A;C/C;T/T;C/T
DPD951;T/T;C/T;G/G;C/C;C/C;A/A;C/C;T/T;C/T
DPD952;T/T;C/C;G/G;C/C;C/C;A/A;C/C;T/T;T/T
DPD953;T/T;C/C;G/G;C/T;C/C;A/A;C/C;T/T;T/T
