Sample/Assay;CYP2D6*3;CYP2D6*4;CYP2D6*17;CYP2D6*41;DPYD*2A;DPYD*13;DPYD_HapB3;DPYD_D949V;UGT1A1*80;Diplotipo_CYP2D6;Diplotipo_DPYD;Diplotipo_UGT1A1
DPD932;T/T;C/C;G/A;C/C;C/C;A/A;C/T;T/T;C/C;*17/*1;HapB3/*1;*1/*1
DPD933;T/T;C/C;A/A;C/C;C/C;A/A;C/C;T/T;C/T;*17/*17;*1/*1;*1/*28
DPD934;T/T;C/T;G/G;C/C;C/C;A/A;C/C;T/T;C/C;*4/*1;*1/*1;*1/*1
DPD935;T/T;C/C;G/G;C/C;C/C;A/A;C/C;T/T;C/T;*1/*1;*1/*1;*1/*28
DPD936;T/T;C/C;G/G;C/T;C/C;A/A;C/C;T/T;C/T;*41/*1;*1/*1;*1/*28
DPD937;T/T;C/C;G/G;C/C;C/C;A/A;C/C;T/T;C/C;*1/*1;*1/*1;*1/*1
DPD938;T/T;C/C;G/G;C/C;C/C;A/A;C/C;T/T;C/C;*1/*1;*1/*1;*1/*1
DPD939;T/T;C/C;G/G;C/T;C/C;A/A;C/T;T/T;T/T;*41/*1;HapB3/*1;*28/*28
DPD940;T/-;C/C;G/G;C/C;C/C;A/A;C/C;T/T;C/T;*3/*1;*1/*1;*1/*28
DPD941;T/T;T/T;G/G;C/C;C/C;A/A;C/C;T/T;C/T;*4/*4;*1/*1;*1/*28
DPD942;T/T;C/C;G/G;C/T;C/C;A/A;C/T;T/T;C/T;*41/*1;HapB3/*1;*1/*28
DPD943;T/T;C/C;G/G;C/T;C/C;A/A;C/T;T/T;C/T;*41/*1;HapB3/*1;*1/*28
DPD944;T/T;C/C;G/G;C/C;C/C;A/A;C/C;T/T;C/C;*1/*1;*1/*1;*1/*1
DPD945;T/T;C/C;G/G;C/C;C/C;A/A;C/C;T/T;C/C;*1/*1;*1/*1;*1/*1
DPD946;T/T;C/C;G/G;C/C;C/C;A/A;C/C;T/T;C/C;*1/*1;*1/*1;*1/*1
DPD947;T/T;C/T;G/G;C/C;C/C;A/A;C/C;T/T;C/C;*4/*1;*1/*1;*1/*1
DPD948;T/T;C/C;G/G;C/C;C/C;A/A;C/C;T/T;C/T;*1/*1;*1/*1;*1/*28
DPD949;T/T;C/C;G/G;C/C;C/C;A/A;C/C;T/T;T/T;*1/*1;*1/*1;*28/*28
DPD950;T/T;C/C;G/G;C/C;C/C;A/A;C/C;T/T;C/T;*1/*1;*1/*1;*1/*28
DPD951;T/T;C/T;G/G;C/C;C/C;A/A;C/C;T/T;C/T;*4/*1;*1/*1;*1/*28
DPD952;T/T;C/C;G/G;C/C;C/C;A/A;C/C;T/T;T/T;*1/*1;*1/*1;*28/*28
DPD953;T/T;C/C;G/G;C/T;C/C;A/A;C/C;T/T;T/T;*41/*1;*1/*1;*28/*28
