Sample/Assay;Diplotipo_CYP2D6;Fenotipo_CYP2D6;Diplotipo_DPYD;Fenotipo_DPYD;Diplotipo_UGT1A1;Fenotipo_UGT1A1
DPD932;*1/*17;NM (Metabolizador Normal);*1/HapB3;IM (Metabolizador Intermedio);*1/*1;NM (Metabolizador Normal)
DPD933;*17/*17;IM (Metabolizador Intermedio);*1/*1;NM (Metabolizador Normal);*1/*28;IM (Metabolizador Intermedio)
DPD934;*1/*4;IM (Metabolizador Intermedio);*1/*1;NM (Metabolizador Normal);*1/*1;NM (Metabolizador Normal)
DPD935;*1/*1;NM (Metabolizador Normal);*1/*1;NM (Metabolizador Normal);*1/*28;IM (Metabolizador Intermedio)
DPD936;*1/*41;NM (Metabolizador Normal);*1/*1;NM (Metabolizador Normal);*1/*28;IM (Metabolizador Intermedio)
DPD937;*1/*1;NM (Metabolizador Normal);*1/*1;NM (Metabolizador Normal);*1/*1;NM (Metabolizador Normal)
DPD938;*1/*1;NM (Metabolizador Normal);*1/*1;NM (Metabolizador Normal);*1/*1;NM (Metabolizador Normal)
DPD939;*1/*41;NM (Metabolizador Normal);*1/HapB3;IM (Metabolizador Intermedio);*28/*28;PM (Metabolizador Lento)
DPD940;*1/*3;IM (Metabolizador Intermedio);*1/*1;NM (Metabolizador Normal);*1/*28;IM (Metabolizador Intermedio)
DPD941;*4/*4;PM (Metabolizador Lento);*1/*1;NM (Metabolizador Normal);*1/*28;IM (Metabolizador Intermedio)
DPD942;*1/*41;NM (Metabolizador Normal);*1/HapB3;IM (Metabolizador Intermedio);*1/*28;IM (Metabolizador Intermedio)
DPD943;*1/*41;NM (Metabolizador Normal);*1/HapB3;IM (Metabolizador Intermedio);*1/*28;IM (Metabolizador Intermedio)
DPD944;*1/*1;NM (Metabolizador Normal);*1/*1;NM (Metabolizador Normal);*1/*1;NM (Metabolizador Normal)
DPD945;*1/*1;NM (Metabolizador Normal);*1/*1;NM (Metabolizador Normal);*1/*1;NM (Metabolizador Normal)
DPD946;*1/*1;NM (Metabolizador Normal);*1/*1;NM (Metabolizador Normal);*1/*1;NM (Metabolizador Normal)
DPD947;*1/*4;IM (Metabolizador Intermedio);*1/*1;NM (Metabolizador Normal);*1/*1;NM (Metabolizador Normal)
DPD948;*1/*1;NM (Metabolizador Normal);*1/*1;NM (Metabolizador Normal);*1/*28;IM (Metabolizador Intermedio)
DPD949;*1/*1;NM (Metabolizador Normal);*1/*1;NM (Metabolizador Normal);*28/*28;PM (Metabolizador Lento)
DPD950;*1/*1;NM (Metabolizador Normal);*1/*1;NM (Metabolizador Normal);*1/*28;IM (Metabolizador Intermedio)
DPD951;*1/*4;IM (Metabolizador Intermedio);*1/*1;NM (Metabolizador Normal);*1/*28;IM (Metabolizador Intermedio)
DPD952;*1/*1;NM (Metabolizador Normal);*1/*1;NM (Metabolizador Normal);*28/*28;PM (Metabolizador Lento)
DPD953;*1/*41;NM (Metabolizador Normal);*1/*1;NM (Metabolizador Normal);*28/*28;PM (Metabolizador Lento)
