Sample/Assay;CYP2D6*3;CYP2D6*4;CYP2D6*17;CYP2D6*41;DPYD*2A;DPYD*13;DPYD_HapB3;DPYD_D949V;UGT1A1*80;Genotipo_CYP2D6*3;Genotipo_CYP2D6*4;Genotipo_CYP2D6*17;Genotipo_CYP2D6*41;Genotipo_DPYD*2A;Genotipo_DPYD*13;Genotipo_DPYD_HapB3;Genotipo_DPYD_D949V;Genotipo_UGT1A1*80
DPD932;T/T;C/C;G/A;C/C;C/C;A/A;C/T;T/T;C/C;*1/*1;*1/*1;*1/*17;*1/*1;*1/*1;*1/*1;*1/HapB3;*1/*1;*1/*1
DPD933;T/T;C/C;A/A;C/C;C/C;A/A;C/C;T/T;C/T;*1/*1;*1/*1;*17/*17;*1/*1;*1/*1;*1/*1;*1/*1;*1/*1;*1/*28
DPD934;T/T;C/T;G/G;C/C;C/C;A/A;C/C;T/T;C/C;*1/*1;*1/*4;*1/*1;*1/*1;*1/*1;*1/*1;*1/*1;*1/*1;*1/*1
DPD935;T/T;C/C;G/G;C/C;C/C;A/A;C/C;T/T;C/T;*1/*1;*1/*1;*1/*1;*1/*1;*1/*1;*1/*1;*1/*1;*1/*1;*1/*28
DPD936;T/T;C/C;G/G;C/T;C/C;A/A;C/C;T/T;C/T;*1/*1;*1/*1;*1/*1;*1/*41;*1/*1;*1/*1;*1/*1;*1/*1;*1/*28
DPD937;T/T;C/C;G/G;C/C;C/C;A/A;C/C;T/T;C/C;*1/*1;*1/*1;*1/*1;*1/*1;*1/*1;*1/*1;*1/*1;*1/*1;*1/*1
DPD938;T/T;C/C;G/G;C/C;C/C;A/A;C/C;T/T;C/C;*1/*1;*1/*1;*1/*1;*1/*1;*1/*1;*1/*1;*1/*1;*1/*1;*1/*1
DPD939;T/T;C/C;G/G;C/T;C/C;A/A;C/T;T/T;T/T;*1/*1;*1/*1;*1/*1;*1/*41;*1/*1;*1/*1;*1/HapB3;*1/*1;*28/*28
DPD940;T/-;C/C;G/G;C/C;C/C;A/A;C/C;T/T;C/T;*1/*3;*1/*1;*1/*1;*1/*1;*1/*1;*1/*1;*1/*1;*1/*1;*1/*28
DPD941;T/T;T/T;G/G;C/C;C/C;A/A;C/C;T/T;C/T;*1/*1;*4/*4;*1/*1;*1/*1;*1/*1;*1/*1;*1/*1;*1/*1;*1/*28
DPD942;T/T;C/C;G/G;C/T;C/C;A/A;C/T;T/T;C/T;*1/*1;*1/*1;*1/*1;*1/*41;*1/*1;*1/*1;*1/HapB3;*1/*1;*1/*28
DPD943;T/T;C/C;G/G;C/T;C/C;A/A;C/T;T/T;C/T;*1/*1;*1/*1;*1/*1;*1/*41;*1/*1;*1/*1;*1/HapB3;*1/*1;*1/*28
DPD944;T/T;C/C;G/G;C/C;C/C;A/A;C/C;T/T;C/C;*1/*1;*1/*1;*1/*1;*1/*1;*1/*1;*1/*1;*1/*1;*1/*1;*1/*1
DPD945;T/T;C/C;G/G;C/C;C/C;A/A;C/C;T/T;C/C;*1/*1;*1/*1;*1/*1;*1/*1;*1/*1;*1/*1;*1/*1;*1/*1;*1/*1
DPD946;T/T;C/C;G/G;C/C;C/C;A/A;C/C;T/T;C/C;*1/*1;*1/*1;*1/*1;*1/*1;*1/*1;*1/*1;*1/*1;*1/*1;*1/*1
DPD947;T/T;C/T;G/G;C/C;C/C;A/A;C/C;T/T;C/C;*1/*1;*1/*4;*1/*1;*1/*1;*1/*1;*1/*1;*1/*1;*1/*1;*1/*1
DPD948;T/T;C/C;G/G;C/C;C/C;A/A;C/C;T/T;C/T;*1/*1;*1/*1;*1/*1;*1/*1;*1/*1;*1/*1;*1/*1;*1/*1;*1/*28
DPD949;T/T;C/C;G/G;C/C;C/C;A/A;C/C;T/T;T/T;*1/*1;*1/*1;*1/*1;*1/*1;*1/*1;*1/*1;*1/*1;*1/*1;*28/*28
DPD950;T/T;C/C;G/G;C/C;C/C;A/A;C/C;T/T;C/T;*1/*1;*1/*1;*1/*1;*1/*1;*1/*1;*1/*1;*1/*1;*1/*1;*1/*28
DPD951;T/T;C/T;G/G;C/C;C/C;A/A;C/C;T/T;C/T;*1/*1;*1/*4;*1/*1;*1/*1;*1/*1;*1/*1;*1/*1;*1/*1;*1/*28
DPD952;T/T;C/C;G/G;C/C;C/C;A/A;C/C;T/T;T/T;*1/*1;*1/*1;*1/*1;*1/*1;*1/*1;*1/*1;*1/*1;*1/*1;*28/*28
DPD953;T/T;C/C;G/G;C/T;C/C;A/A;C/C;T/T;T/T;*1/*1;*1/*1;*1/*1;*1/*41;*1/*1;*1/*1;*1/*1;*1/*1;*28/*28
